idVenda,loja,dataVenda,ValorVendas,quantidadeItem,idCliente,IdProduto
1,28,"2002-09-12 00:00:00",671.5,94,45,6
2,106,"2011-07-05 00:00:00",164.45,1,142,41
3,33,"2017-07-08 00:00:00",361.22,24,152,40
4,16,"2016-11-06 00:00:00",737.43,62,15,18
5,61,"2004-09-22 00:00:00",200.35,10,178,40
6,109,"2001-10-07 00:00:00",410.62,45,26,31
7,70,"2006-08-02 00:00:00",774.99,4,159,21
8,37,"2000-11-14 00:00:00",448.12,16,140,50
9,125,"2013-10-13 00:00:00",785.75,64,112,15
10,27,"2015-09-21 00:00:00",868.95,26,50,60
11,133,"2002-02-25 00:00:00",589.87,63,172,23
12,119,"2010-01-26 00:00:00",154.77,2,170,24
13,34,"2017-04-28 00:00:00",97.22,57,149,55
14,45,"2011-08-08 00:00:00",233.93,18,80,11
15,16,"2001-04-09 00:00:00",405.6,58,54,25
16,34,"2008-09-15 00:00:00",196.6,4,131,64
17,114,"2014-11-06 00:00:00",13.14,32,99,88
18,95,"2002-03-21 00:00:00",524.91,8,73,90
19,148,"2011-04-15 00:00:00",797.07,64,118,45
20,120,"2001-08-07 00:00:00",653.7,60,129,53
21,62,"2007-08-17 00:00:00",413.54,1,155,24
22,43,"2003-08-28 00:00:00",68.3,25,73,57
23,147,"2006-10-28 00:00:00",380.34,71,187,37
24,90,"2011-07-24 00:00:00",855.77,23,126,42
25,40,"2006-11-09 00:00:00",860.88,48,50,13
26,69,"2010-09-16 00:00:00",148.09,14,51,53
27,31,"2012-12-17 00:00:00",579.55,49,155,95
28,84,"2010-02-18 00:00:00",417.71,90,67,8
29,36,"2005-07-14 00:00:00",598.87,82,105,62
30,95,"2014-07-28 00:00:00",150.84,30,10,60
31,51,"2008-06-15 00:00:00",202.49,5,83,0
32,48,"2005-02-27 00:00:00",561.47,55,99,47
33,48,"2003-08-12 00:00:00",793.02,76,129,62
34,110,"2017-02-19 00:00:00",698.57,17,172,83
35,34,"2004-04-22 00:00:00",726.72,5,158,6
36,81,"2016-08-27 00:00:00",755.43,90,0,7
37,62,"2002-04-17 00:00:00",509.6,39,57,90
38,81,"2001-02-19 00:00:00",84.77,63,0,14
39,97,"2008-06-27 00:00:00",173.2,45,131,12
40,83,"2000-02-11 00:00:00",500.32,3,112,63
41,48,"2003-11-26 00:00:00",603.65,93,100,5
42,51,"2015-06-08 00:00:00",356.09,22,131,21
43,149,"2011-04-27 00:00:00",715.78,39,13,63
44,112,"2008-06-01 00:00:00",432.31,14,128,21
45,138,"2016-02-09 00:00:00",308.29,35,103,2
46,53,"2010-02-03 00:00:00",461.91,26,91,41
47,97,"2006-05-26 00:00:00",192.86,45,80,26
48,95,"2011-08-23 00:00:00",614.87,14,107,58
49,6,"2011-09-09 00:00:00",615.8,18,111,12
50,41,"2014-08-23 00:00:00",161.82,7,12,99
51,85,"2007-12-19 00:00:00",209.02,92,50,34
52,62,"2005-09-05 00:00:00",584.19,88,67,13
53,136,"2004-09-08 00:00:00",860.81,83,95,97
54,23,"2016-06-18 00:00:00",307.19,51,68,97
55,133,"2005-09-22 00:00:00",214.68,49,96,12
56,153,"2002-10-25 00:00:00",675.32,59,1,95
57,21,"2017-09-14 00:00:00",838.16,7,5,53
58,11,"2016-05-12 00:00:00",518.28,46,138,42
59,15,"2005-04-27 00:00:00",834.26,35,40,77
60,16,"2017-06-04 00:00:00",533.71,14,141,17
61,51,"2009-01-23 00:00:00",433.94,48,95,11
62,82,"2002-02-13 00:00:00",513.6,11,112,67
63,118,"2001-05-21 00:00:00",100,92,180,37
64,27,"2010-10-01 00:00:00",288.76,34,10,17
65,148,"2017-06-27 00:00:00",799.79,0,54,4
66,109,"2002-12-13 00:00:00",887.43,88,33,43
67,134,"2016-01-19 00:00:00",292.96,21,37,7
68,76,"2004-01-01 00:00:00",501.51,86,155,72
69,101,"2015-04-21 00:00:00",677.46,92,91,63
70,72,"2013-03-15 00:00:00",841.44,41,166,17
71,88,"2016-10-01 00:00:00",870.72,13,90,85
72,64,"2004-08-06 00:00:00",173.55,10,28,13
73,92,"2006-07-14 00:00:00",477.23,12,6,37
74,29,"2008-10-12 00:00:00",333.04,52,173,14
75,22,"2009-09-27 00:00:00",592.37,6,127,35
76,149,"2011-05-11 00:00:00",684.61,75,60,76
77,121,"2016-06-23 00:00:00",279,66,140,77
78,49,"2002-05-17 00:00:00",62.44,53,172,15
79,9,"2013-06-28 00:00:00",316.86,61,34,22
80,48,"2017-11-06 00:00:00",437.8,76,115,97
81,49,"2015-07-01 00:00:00",595.5,36,177,8
82,18,"2007-04-01 00:00:00",521,17,24,32
83,41,"2008-09-22 00:00:00",211.62,68,149,28
84,12,"2017-02-08 00:00:00",739.74,86,69,80
85,46,"2005-09-04 00:00:00",99.43,55,68,35
86,109,"2017-05-08 00:00:00",364.53,55,2,42
87,90,"2007-05-14 00:00:00",278.27,93,178,19
88,119,"2000-09-24 00:00:00",762.95,86,22,23
89,69,"2005-07-02 00:00:00",152.3,74,75,46
90,70,"2017-05-04 00:00:00",293.4,66,71,32
91,25,"2005-04-13 00:00:00",97.78,53,77,85
92,45,"2012-11-02 00:00:00",90.62,52,150,73
93,3,"2010-06-01 00:00:00",590.36,29,130,62
94,102,"2008-03-28 00:00:00",187.87,60,152,28
95,93,"2015-01-04 00:00:00",521.68,26,88,26
96,116,"2012-12-03 00:00:00",63.5,37,56,51
97,135,"2012-07-19 00:00:00",223.69,45,111,75
98,110,"2001-03-25 00:00:00",555.31,29,53,75
99,77,"2009-03-07 00:00:00",420.22,27,53,12
100,80,"2008-11-08 00:00:00",316.72,54,98,77
101,15,"2017-12-12 00:00:00",370.44,29,168,20
102,82,"2017-02-04 00:00:00",96.92,81,0,22
103,61,"2000-02-21 00:00:00",776.61,59,28,7
104,82,"2014-01-23 00:00:00",721.56,9,143,36
105,7,"2006-03-09 00:00:00",688.3,65,130,15
106,30,"2010-03-06 00:00:00",706.3,55,35,23
107,121,"2003-11-02 00:00:00",447.76,81,116,55
108,114,"2002-09-13 00:00:00",658.71,92,149,23
109,17,"2007-04-20 00:00:00",360.01,10,111,72
110,117,"2014-11-08 00:00:00",102.93,69,162,13
111,89,"2012-02-21 00:00:00",537.58,94,81,21
112,64,"2004-07-18 00:00:00",78.92,4,60,35
113,141,"2007-01-15 00:00:00",177.72,41,175,90
114,19,"2000-03-09 00:00:00",538.56,73,118,39
115,22,"2015-03-07 00:00:00",835.49,44,23,72
116,98,"2015-11-07 00:00:00",786.31,57,165,84
117,152,"2014-03-07 00:00:00",795.96,34,30,83
118,85,"2013-06-06 00:00:00",51.14,43,105,13
119,138,"2005-02-28 00:00:00",326.22,32,182,70
120,69,"2002-12-23 00:00:00",417.16,11,180,85
121,52,"2012-09-27 00:00:00",210.95,15,77,34
122,128,"2007-09-10 00:00:00",807.17,46,31,68
123,98,"2000-08-28 00:00:00",474.16,28,82,54
124,52,"2003-12-24 00:00:00",615.88,82,180,69
125,131,"2006-07-20 00:00:00",317.15,77,104,27
126,68,"2010-10-06 00:00:00",727.91,85,96,60
127,29,"2016-07-09 00:00:00",723.98,52,55,36
128,130,"2017-05-25 00:00:00",777.73,3,180,64
129,15,"2015-06-03 00:00:00",766.63,7,165,6
130,120,"2000-10-20 00:00:00",845.6,2,1,77
131,126,"2000-01-23 00:00:00",505.25,74,50,15
132,90,"2012-03-22 00:00:00",401.24,30,179,98
133,125,"2001-03-15 00:00:00",595.18,94,40,84
134,65,"2013-11-15 00:00:00",408.86,25,174,11
135,138,"2015-10-03 00:00:00",421.47,8,74,63
136,110,"2012-02-13 00:00:00",132.92,68,149,74
137,151,"2017-05-18 00:00:00",45.89,50,63,23
138,91,"2006-01-13 00:00:00",304.05,68,133,12
139,96,"2016-02-03 00:00:00",392.47,90,82,72
140,83,"2017-08-14 00:00:00",792.04,6,102,99
141,37,"2003-01-27 00:00:00",673.01,79,25,12
142,43,"2008-11-15 00:00:00",795.21,16,168,51
143,133,"2001-07-24 00:00:00",262.18,37,180,75
144,51,"2009-12-28 00:00:00",286.98,57,13,37
145,132,"2000-03-24 00:00:00",539.27,22,178,56
146,62,"2012-08-19 00:00:00",425.66,20,41,2
147,84,"2015-09-16 00:00:00",82.48,72,144,92
148,104,"2003-01-13 00:00:00",630.27,38,137,34
149,13,"2009-03-13 00:00:00",596.52,71,1,60
150,99,"2002-06-16 00:00:00",724.69,81,71,93
151,132,"2010-01-06 00:00:00",850.11,45,175,56
152,104,"2017-03-23 00:00:00",212.21,30,148,25
153,34,"2001-04-11 00:00:00",801.56,40,15,3
154,94,"2002-09-19 00:00:00",66.6,85,33,62
155,47,"2008-12-10 00:00:00",738.13,12,91,46
156,20,"2010-01-23 00:00:00",327.77,74,59,3
157,104,"2010-12-22 00:00:00",48.77,85,172,71
158,61,"2002-04-08 00:00:00",46.56,90,111,14
159,15,"2004-04-21 00:00:00",181.52,29,11,14
160,42,"2012-08-28 00:00:00",567.48,32,110,61
161,87,"2004-06-08 00:00:00",173.71,36,96,82
162,95,"2017-02-06 00:00:00",643.81,12,129,46
163,131,"2006-03-21 00:00:00",692.08,55,168,86
164,102,"2004-10-21 00:00:00",659.89,17,79,58
165,4,"2001-03-17 00:00:00",140.35,83,172,11
166,57,"2000-10-02 00:00:00",250.87,7,164,19
167,15,"2007-02-01 00:00:00",493.25,10,148,1
168,12,"2012-05-27 00:00:00",280.99,64,23,6
169,117,"2008-07-07 00:00:00",824.53,48,30,25
170,126,"2004-07-28 00:00:00",88.04,62,52,88
171,119,"2013-06-17 00:00:00",704.49,54,142,49
172,16,"2006-06-11 00:00:00",664.61,77,30,57
173,148,"2007-08-16 00:00:00",422.61,69,51,57
174,150,"2001-03-04 00:00:00",174.22,56,24,65
175,134,"2016-12-19 00:00:00",443.73,70,63,75
176,14,"2015-12-12 00:00:00",138.93,15,2,61
177,107,"2001-07-24 00:00:00",29.97,31,145,12
178,15,"2008-07-09 00:00:00",763.99,21,90,18
179,23,"2007-08-05 00:00:00",622.89,44,104,42
180,45,"2007-11-15 00:00:00",674.34,1,6,39
181,72,"2007-07-22 00:00:00",64.51,25,54,55
182,121,"2017-11-25 00:00:00",344.35,79,22,30
183,31,"2013-10-11 00:00:00",768.62,25,2,75
184,133,"2010-08-25 00:00:00",419.09,51,4,33
185,71,"2007-05-22 00:00:00",509.57,42,76,27
186,92,"2010-12-01 00:00:00",273.55,60,90,22
187,87,"2008-05-26 00:00:00",557.53,57,19,41
188,93,"2006-04-02 00:00:00",252.26,1,121,29
189,38,"2007-03-08 00:00:00",161.48,39,6,77
190,17,"2017-11-28 00:00:00",431.29,79,52,26
191,94,"2010-03-24 00:00:00",116.19,73,166,89
192,9,"2002-12-11 00:00:00",610.18,64,15,10
193,148,"2011-10-07 00:00:00",652.76,54,175,48
194,139,"2008-12-26 00:00:00",459.34,30,48,26
195,132,"2001-06-03 00:00:00",791.15,55,155,60
196,35,"2013-07-27 00:00:00",857.57,53,78,51
197,5,"2002-10-21 00:00:00",76.75,80,34,70
198,126,"2006-10-14 00:00:00",412.14,94,34,51
199,74,"2011-07-27 00:00:00",668.14,53,9,56
200,99,"2004-10-05 00:00:00",177.59,64,8,14
201,145,"2001-10-07 00:00:00",133.65,50,43,24
202,129,"2006-08-06 00:00:00",84.63,42,64,44
203,85,"2008-02-23 00:00:00",735.96,56,77,61
204,83,"2000-01-01 00:00:00",328.64,53,34,64
205,55,"2016-11-26 00:00:00",733.53,33,6,53
206,57,"2004-02-07 00:00:00",810.37,67,49,8
207,3,"2008-12-12 00:00:00",878.42,51,39,50
208,106,"2001-07-01 00:00:00",329.66,11,107,7
209,152,"2014-10-06 00:00:00",440.41,87,78,83
210,104,"2009-06-10 00:00:00",238.75,49,104,62
211,115,"2016-03-01 00:00:00",890.7,43,167,9
212,101,"2002-08-27 00:00:00",894.52,77,175,97
213,72,"2005-04-06 00:00:00",456.2,78,64,23
214,8,"2001-01-13 00:00:00",508.96,8,32,53
215,152,"2007-12-28 00:00:00",504.09,55,34,80
216,63,"2003-10-09 00:00:00",583,79,2,38
217,76,"2006-02-02 00:00:00",412.62,8,133,39
218,152,"2007-12-09 00:00:00",238.77,38,114,83
219,0,"2012-09-26 00:00:00",381.33,87,164,33
220,33,"2014-02-21 00:00:00",279.73,91,1,37
221,50,"2017-02-02 00:00:00",645.8,25,158,1
222,53,"2001-10-09 00:00:00",331.17,24,113,9
223,60,"2013-12-13 00:00:00",92.87,45,128,57
224,67,"2006-03-13 00:00:00",754.58,40,90,54
225,134,"2003-11-28 00:00:00",249.19,17,44,18
226,5,"2001-05-21 00:00:00",117.57,28,67,68
227,138,"2002-06-19 00:00:00",229.26,92,15,33
228,33,"2017-12-12 00:00:00",799.29,12,143,76
229,64,"2009-11-07 00:00:00",536.77,10,76,48
230,98,"2007-11-03 00:00:00",850.77,1,44,53
231,151,"2012-04-13 00:00:00",504.08,92,1,85
232,54,"2016-06-15 00:00:00",227.86,40,148,38
233,67,"2001-12-02 00:00:00",97.47,74,109,78
234,37,"2003-03-25 00:00:00",2.52,75,96,0
235,128,"2012-08-22 00:00:00",170.52,86,185,14
236,72,"2009-03-27 00:00:00",318.83,66,66,31
237,145,"2013-12-14 00:00:00",534.64,53,184,79
238,152,"2003-09-21 00:00:00",785.99,83,138,67
239,24,"2009-03-08 00:00:00",279.51,66,167,4
240,12,"2002-11-02 00:00:00",155.3,80,92,66
241,3,"2011-09-18 00:00:00",114.08,51,30,30
242,48,"2014-09-05 00:00:00",653.1,43,80,8
243,37,"2005-05-22 00:00:00",827.95,27,85,53
244,127,"2010-12-05 00:00:00",159.47,48,162,18
245,92,"2014-09-18 00:00:00",72.37,57,58,77
246,15,"2013-01-15 00:00:00",99.72,95,55,73
247,10,"2008-12-19 00:00:00",355.71,92,12,86
248,97,"2007-04-18 00:00:00",146.81,85,21,54
249,31,"2009-08-26 00:00:00",286.47,23,138,7
250,135,"2010-10-20 00:00:00",334.41,55,11,51
251,42,"2015-02-22 00:00:00",887.82,58,117,27
252,148,"2000-09-10 00:00:00",160.6,27,90,57
253,118,"2001-01-06 00:00:00",410.33,93,112,56
254,87,"2010-03-26 00:00:00",566.03,25,53,5
255,107,"2000-07-27 00:00:00",652.94,61,4,9
256,1,"2007-08-09 00:00:00",784.39,27,159,37
257,127,"2000-03-25 00:00:00",94.56,75,44,45
258,71,"2005-02-05 00:00:00",624.54,75,13,86
259,37,"2000-06-27 00:00:00",511.49,59,143,5
260,152,"2002-03-28 00:00:00",613.37,26,131,57
261,46,"2011-02-01 00:00:00",548.7,51,61,22
262,49,"2003-09-09 00:00:00",603.13,86,106,39
263,86,"2013-11-13 00:00:00",806.32,19,185,80
264,84,"2014-11-12 00:00:00",849.43,61,67,99
265,113,"2016-12-20 00:00:00",348.3,45,141,17
266,78,"2007-10-25 00:00:00",851.14,70,49,20
267,22,"2007-11-05 00:00:00",778.65,3,31,47
268,73,"2004-08-01 00:00:00",154.95,55,77,76
269,99,"2016-01-25 00:00:00",166.9,87,95,36
270,63,"2002-04-26 00:00:00",830.91,46,133,31
271,134,"2002-11-19 00:00:00",287.49,7,128,24
272,11,"2003-07-03 00:00:00",743.09,2,182,99
273,24,"2005-09-14 00:00:00",117.06,7,93,15
274,110,"2002-04-27 00:00:00",449.35,72,9,82
275,85,"2001-11-22 00:00:00",436.28,79,109,78
276,31,"2005-11-28 00:00:00",511.31,76,89,36
277,147,"2004-07-06 00:00:00",805.63,15,6,3
278,75,"2004-02-17 00:00:00",481.81,26,105,90
279,81,"2007-02-06 00:00:00",46.12,59,103,63
280,53,"2011-06-13 00:00:00",320.28,41,10,13
281,114,"2012-05-18 00:00:00",214.14,75,110,95
282,95,"2010-05-07 00:00:00",368.72,84,108,12
283,76,"2004-11-16 00:00:00",798.89,53,57,12
284,99,"2010-12-11 00:00:00",674.82,38,177,76
285,16,"2000-09-08 00:00:00",455.47,73,56,86
286,126,"2016-03-22 00:00:00",634.62,54,0,84
287,97,"2011-06-02 00:00:00",5.99,75,18,38
288,137,"2006-11-04 00:00:00",545.81,30,127,56
289,130,"2008-06-18 00:00:00",568.32,22,138,21
290,62,"2017-11-23 00:00:00",139.07,79,6,90
291,77,"2004-05-15 00:00:00",51.39,8,65,48
292,121,"2005-01-21 00:00:00",113.19,69,158,42
293,112,"2017-12-02 00:00:00",888.64,65,5,79
294,74,"2010-02-01 00:00:00",503.78,64,124,49
295,107,"2004-07-09 00:00:00",71.27,14,184,36
296,118,"2014-02-21 00:00:00",634.22,33,42,9
297,43,"2003-07-25 00:00:00",560.05,47,147,83
298,122,"2014-09-08 00:00:00",612.97,63,42,27
299,56,"2008-12-13 00:00:00",257.64,83,51,64
300,51,"2012-03-18 00:00:00",519.87,25,89,21
301,131,"2009-10-06 00:00:00",649.75,90,46,50
302,5,"2008-04-28 00:00:00",176.44,55,177,55
303,108,"2005-08-10 00:00:00",152.31,53,45,23
304,134,"2009-04-11 00:00:00",455.64,6,176,1
305,62,"2000-11-11 00:00:00",238.84,70,102,3
306,0,"2008-05-02 00:00:00",715.4,12,176,65
307,112,"2008-02-01 00:00:00",120.77,26,45,9
308,50,"2008-10-07 00:00:00",779.28,70,25,97
309,113,"2014-06-17 00:00:00",515.21,2,132,20
310,152,"2012-08-08 00:00:00",32.56,92,53,36
311,17,"2009-01-17 00:00:00",588.43,40,155,63
312,14,"2003-10-18 00:00:00",108.34,15,132,91
313,59,"2010-02-22 00:00:00",295.83,23,46,83
314,73,"2003-02-11 00:00:00",238.2,65,183,91
315,134,"2017-07-19 00:00:00",655.44,30,69,55
316,88,"2003-08-05 00:00:00",253.65,0,65,81
317,28,"2012-06-28 00:00:00",311.57,48,27,17
318,131,"2004-10-05 00:00:00",336.76,19,181,10
319,26,"2007-10-26 00:00:00",190.9,77,35,96
320,4,"2015-01-19 00:00:00",25.56,51,56,83
321,138,"2002-02-12 00:00:00",662.69,38,180,58
322,39,"2017-07-23 00:00:00",834.27,75,88,53
323,91,"2012-10-26 00:00:00",723.4,23,23,43
324,28,"2012-02-28 00:00:00",302.83,15,68,71
325,22,"2006-08-26 00:00:00",606.09,71,12,83
326,73,"2006-08-08 00:00:00",533.1,35,99,73
327,54,"2017-10-10 00:00:00",270.65,34,70,50
328,11,"2009-06-20 00:00:00",23.51,59,28,11
329,117,"2001-04-10 00:00:00",451.68,67,50,6
330,148,"2001-08-14 00:00:00",559.14,89,112,98
331,14,"2003-07-26 00:00:00",896.36,57,172,66
332,112,"2005-04-28 00:00:00",269.31,12,44,28
333,64,"2001-09-24 00:00:00",422.89,82,53,1
334,45,"2008-12-18 00:00:00",708.49,81,174,51
335,96,"2006-03-16 00:00:00",748.12,64,187,33
336,100,"2000-08-04 00:00:00",509.8,63,35,61
337,95,"2014-06-16 00:00:00",807.27,5,54,14
338,10,"2014-04-02 00:00:00",445.32,58,49,41
339,116,"2008-04-05 00:00:00",498.8,49,151,92
340,46,"2010-08-24 00:00:00",87.48,2,121,15
341,59,"2006-05-15 00:00:00",412.19,72,18,25
342,106,"2007-10-22 00:00:00",843.56,9,170,32
343,97,"2009-08-14 00:00:00",464.09,24,36,28
344,16,"2009-11-24 00:00:00",493.19,44,75,26
345,2,"2017-08-12 00:00:00",727.24,16,14,6
346,46,"2011-10-06 00:00:00",437.95,65,52,15
347,150,"2010-03-11 00:00:00",613.02,7,58,72
348,78,"2000-06-23 00:00:00",537.97,45,120,70
349,32,"2001-02-11 00:00:00",471.79,71,68,11
350,94,"2017-12-09 00:00:00",56.52,85,2,33
351,4,"2000-09-09 00:00:00",581.22,55,58,15
352,44,"2006-06-03 00:00:00",323.21,0,168,13
353,127,"2006-04-11 00:00:00",219.17,81,18,36
354,46,"2013-09-22 00:00:00",470.2,36,12,2
355,61,"2013-05-16 00:00:00",707.37,60,63,48
356,134,"2002-02-05 00:00:00",581.62,30,49,76
357,19,"2010-01-26 00:00:00",566.23,89,43,87
358,55,"2017-01-17 00:00:00",453.98,67,173,97
359,147,"2004-07-02 00:00:00",280.71,35,32,22
360,106,"2012-11-23 00:00:00",701.93,12,85,94
361,93,"2009-03-02 00:00:00",82.65,62,71,3
362,21,"2004-03-15 00:00:00",343.04,56,162,1
363,104,"2002-05-14 00:00:00",18.43,74,56,43
364,115,"2002-09-04 00:00:00",300.3,84,15,48
365,111,"2000-02-17 00:00:00",772.16,20,1,72
366,76,"2014-10-02 00:00:00",302.23,34,144,79
367,61,"2015-07-18 00:00:00",692.97,61,32,93
368,90,"2000-11-07 00:00:00",371.06,81,101,39
369,151,"2000-11-19 00:00:00",863,24,40,95
370,147,"2011-06-15 00:00:00",593.59,54,71,34
371,129,"2007-09-07 00:00:00",329,9,137,49
372,89,"2014-11-03 00:00:00",809.87,35,67,32
373,124,"2001-05-10 00:00:00",694.23,19,141,28
374,39,"2001-03-25 00:00:00",681.86,69,66,21
375,48,"2004-01-25 00:00:00",308.24,62,36,16
376,136,"2009-07-06 00:00:00",288.38,67,127,33
377,102,"2004-03-16 00:00:00",228.22,74,141,38
378,82,"2004-01-06 00:00:00",761.94,89,64,58
379,10,"2010-07-09 00:00:00",384.1,38,126,7
380,27,"2011-08-24 00:00:00",281.73,17,64,34
381,125,"2010-06-03 00:00:00",486.21,64,143,80
382,12,"2015-08-12 00:00:00",494.12,94,82,23
383,41,"2014-11-17 00:00:00",66.46,92,44,46
384,146,"2009-06-07 00:00:00",502.32,9,175,95
385,16,"2004-05-08 00:00:00",225.37,9,134,31
386,21,"2003-12-24 00:00:00",80.15,61,113,3
387,63,"2012-11-23 00:00:00",300.15,10,151,1
388,109,"2015-05-28 00:00:00",883.61,19,136,9
389,149,"2002-02-28 00:00:00",565.73,12,168,59
390,123,"2015-08-02 00:00:00",47.84,35,51,92
391,108,"2001-05-26 00:00:00",47.62,4,89,47
392,32,"2014-01-27 00:00:00",174.12,90,22,93
393,60,"2011-07-01 00:00:00",125.6,51,170,82
394,85,"2005-02-04 00:00:00",714.73,33,153,24
395,139,"2010-03-25 00:00:00",216.43,59,90,33
396,112,"2011-06-03 00:00:00",711.97,84,21,24
397,98,"2016-11-12 00:00:00",74.58,82,176,75
398,36,"2008-06-21 00:00:00",361.57,45,183,35
399,36,"2006-08-06 00:00:00",504.51,31,135,12
400,11,"2009-11-25 00:00:00",529.34,32,148,5
401,12,"2005-10-01 00:00:00",451.64,50,97,48
402,129,"2014-04-07 00:00:00",738.12,69,134,47
403,35,"2011-02-07 00:00:00",64.24,20,177,19
404,45,"2009-12-14 00:00:00",774.27,47,157,50
405,49,"2017-04-13 00:00:00",440.57,25,54,17
406,135,"2012-05-02 00:00:00",500.06,83,0,19
407,19,"2007-12-17 00:00:00",785.08,47,140,27
408,66,"2005-07-20 00:00:00",584.11,24,137,2
409,87,"2013-11-07 00:00:00",734.45,56,68,42
410,7,"2000-06-05 00:00:00",552.69,44,23,66
411,42,"2015-03-28 00:00:00",282.57,45,126,0
412,126,"2014-08-22 00:00:00",102.57,79,130,60
413,101,"2000-09-22 00:00:00",841.76,17,4,7
414,53,"2013-04-12 00:00:00",82.2,83,157,68
415,8,"2000-09-14 00:00:00",641.26,48,36,53
416,136,"2012-02-18 00:00:00",282.02,16,115,20
417,28,"2002-10-27 00:00:00",744.82,34,30,22
418,72,"2013-09-03 00:00:00",862.08,59,49,58
419,118,"2016-04-23 00:00:00",252.04,87,32,33
420,143,"2004-09-19 00:00:00",700.65,53,46,95
421,114,"2005-04-12 00:00:00",280.91,50,25,45
422,79,"2013-04-20 00:00:00",771.37,41,121,67
423,5,"2009-05-06 00:00:00",725.13,57,162,6
424,152,"2016-11-16 00:00:00",473.02,40,177,16
425,72,"2008-05-04 00:00:00",139.36,55,14,95
426,134,"2009-06-25 00:00:00",586.86,24,116,23
427,39,"2017-01-20 00:00:00",116.96,62,69,63
428,148,"2002-11-18 00:00:00",580.72,50,12,30
429,91,"2017-12-08 00:00:00",727.38,2,88,38
430,63,"2016-07-03 00:00:00",403.3,54,162,60
431,57,"2015-09-02 00:00:00",144.64,58,145,37
432,50,"2004-02-25 00:00:00",710.53,81,140,38
433,26,"2017-12-15 00:00:00",226.41,8,1,76
434,126,"2016-06-11 00:00:00",541.37,75,64,81
435,86,"2011-05-07 00:00:00",773.72,7,56,74
436,2,"2011-08-10 00:00:00",651.79,8,28,27
437,79,"2006-04-10 00:00:00",431.57,77,68,75
438,84,"2004-07-19 00:00:00",657.79,89,136,99
439,1,"2017-05-24 00:00:00",307.95,94,78,47
440,29,"2006-07-09 00:00:00",408.35,80,172,93
441,39,"2000-11-11 00:00:00",892.22,47,123,53
442,73,"2010-11-28 00:00:00",253.71,31,68,96
443,113,"2014-12-03 00:00:00",191.76,49,46,64
444,63,"2017-06-19 00:00:00",309.67,44,38,6
445,1,"2013-08-09 00:00:00",830.66,44,71,40
446,27,"2003-08-10 00:00:00",826.86,56,111,6
447,121,"2008-06-24 00:00:00",152.45,8,94,74
448,13,"2001-02-28 00:00:00",59.68,59,110,44
449,93,"2017-12-03 00:00:00",101.92,17,6,23
450,76,"2016-07-15 00:00:00",224.07,65,164,60
451,84,"2002-05-19 00:00:00",103.01,86,54,84
452,92,"2006-06-17 00:00:00",681.61,71,119,0
453,21,"2007-06-13 00:00:00",409.99,1,37,79
454,91,"2017-10-13 00:00:00",401.91,56,136,88
455,60,"2010-04-27 00:00:00",836.3,87,86,79
456,34,"2005-06-01 00:00:00",642.49,90,9,5
457,69,"2010-08-23 00:00:00",539.87,30,184,6
458,111,"2017-06-25 00:00:00",648.57,0,84,37
459,0,"2004-12-16 00:00:00",509.58,72,23,41
460,123,"2005-03-16 00:00:00",681.13,80,110,61
461,81,"2009-10-14 00:00:00",786.38,87,48,42
462,112,"2001-03-23 00:00:00",545.34,32,27,9
463,139,"2003-08-13 00:00:00",763.07,3,168,21
464,26,"2000-10-27 00:00:00",711.75,71,79,32
465,32,"2001-08-23 00:00:00",844.21,13,167,38
466,65,"2017-02-13 00:00:00",49.36,43,10,68
467,117,"2005-02-02 00:00:00",629.89,54,126,2
468,14,"2015-10-04 00:00:00",250.09,51,164,30
469,4,"2014-04-22 00:00:00",533.79,67,127,22
470,125,"2015-11-25 00:00:00",456.45,90,66,72
471,38,"2003-09-13 00:00:00",307.39,31,1,22
472,100,"2010-12-03 00:00:00",809.19,14,120,87
473,46,"2000-10-05 00:00:00",24.57,35,97,32
474,47,"2017-03-06 00:00:00",752.71,86,80,96
475,74,"2003-06-18 00:00:00",806.24,6,110,81
476,2,"2009-05-12 00:00:00",434.81,44,184,43
477,124,"2001-11-04 00:00:00",443.84,7,172,88
478,103,"2004-04-18 00:00:00",282.64,50,136,87
479,86,"2008-08-05 00:00:00",714.5,87,87,39
480,149,"2010-11-13 00:00:00",271.78,13,159,81
481,106,"2003-05-19 00:00:00",286.88,74,135,36
482,109,"2007-07-15 00:00:00",93.28,20,103,53
483,59,"2007-05-02 00:00:00",715.83,90,101,70
484,60,"2017-10-21 00:00:00",663.26,12,95,5
485,107,"2014-04-15 00:00:00",737.87,76,144,25
486,40,"2005-07-16 00:00:00",642.38,84,106,5
487,1,"2000-01-17 00:00:00",310.78,49,170,81
488,31,"2016-02-22 00:00:00",691.43,52,139,13
489,0,"2005-11-28 00:00:00",817.11,27,140,15
490,146,"2017-03-04 00:00:00",461.21,61,28,63
491,107,"2010-09-14 00:00:00",400.07,77,18,67
492,91,"2006-04-08 00:00:00",407,83,12,97
493,148,"2001-11-21 00:00:00",33.67,5,147,99
494,138,"2004-11-21 00:00:00",227.02,17,85,3
495,75,"2012-08-15 00:00:00",752.73,77,180,96
496,37,"2010-02-28 00:00:00",206.07,6,51,71
497,149,"2010-06-25 00:00:00",807.07,55,129,36
498,5,"2008-06-06 00:00:00",735.51,74,22,28
499,57,"2016-02-17 00:00:00",296.89,53,119,3
500,47,"2002-07-07 00:00:00",169.65,83,77,58
501,29,"2004-01-25 00:00:00",564.83,16,107,35
502,142,"2015-11-12 00:00:00",352.51,58,54,78
503,79,"2000-08-18 00:00:00",102.42,71,30,72
504,96,"2011-09-26 00:00:00",881.06,22,86,0
505,9,"2000-08-23 00:00:00",523.61,39,71,72
506,81,"2016-04-01 00:00:00",574.3,51,170,89
507,65,"2004-03-06 00:00:00",824.86,0,130,81
508,99,"2006-08-17 00:00:00",30.6,51,183,67
509,112,"2012-07-02 00:00:00",742,85,44,66
510,72,"2015-05-11 00:00:00",522.52,3,124,14
511,0,"2014-08-22 00:00:00",627.48,49,158,4
512,151,"2012-02-22 00:00:00",644.62,42,51,16
513,9,"2014-10-18 00:00:00",891.65,65,173,79
514,61,"2011-06-16 00:00:00",741.04,24,181,45
515,38,"2004-01-25 00:00:00",791.52,88,181,96
516,57,"2012-05-03 00:00:00",661.08,73,41,74
517,146,"2003-09-04 00:00:00",154.23,71,94,62
518,99,"2009-11-05 00:00:00",95.71,33,112,29
519,37,"2014-02-14 00:00:00",738.07,59,157,69
520,29,"2015-07-03 00:00:00",726.64,27,125,39
521,65,"2017-03-18 00:00:00",433.65,68,57,90
522,119,"2009-09-15 00:00:00",815.36,20,113,37
523,86,"2017-02-08 00:00:00",898.87,65,95,25
524,138,"2013-07-23 00:00:00",883.3,30,174,14
525,141,"2012-06-19 00:00:00",107.48,0,72,16
526,37,"2012-10-05 00:00:00",163.25,12,100,68
527,64,"2004-11-28 00:00:00",498.39,77,48,22
528,54,"2011-06-14 00:00:00",35.28,51,47,60
529,133,"2004-07-02 00:00:00",569.34,88,112,80
530,126,"2016-02-15 00:00:00",680.63,11,40,80
531,92,"2009-12-07 00:00:00",751.95,56,83,54
532,33,"2000-07-06 00:00:00",400.24,46,186,37
533,61,"2014-12-01 00:00:00",372.15,70,176,97
534,90,"2004-02-26 00:00:00",318.81,93,171,9
535,34,"2016-09-26 00:00:00",507.05,41,184,30
536,12,"2003-09-04 00:00:00",650.19,12,152,63
537,148,"2008-07-28 00:00:00",609.62,80,104,43
538,147,"2006-03-04 00:00:00",557.58,93,22,12
539,14,"2005-07-05 00:00:00",77.67,83,41,35
540,54,"2017-11-16 00:00:00",242.29,69,17,38
541,112,"2017-05-13 00:00:00",468.47,74,49,79
542,18,"2014-02-12 00:00:00",575.54,16,51,55
543,64,"2008-04-11 00:00:00",675.87,11,40,47
544,152,"2010-03-11 00:00:00",724.95,55,92,4
545,99,"2015-11-05 00:00:00",78.22,9,80,58
546,60,"2000-07-28 00:00:00",895.5,47,71,79
547,101,"2000-02-15 00:00:00",328.64,5,82,40
548,49,"2007-08-01 00:00:00",851.06,2,59,71
549,132,"2017-11-21 00:00:00",58.16,70,11,70
550,144,"2006-09-23 00:00:00",205.86,67,87,29
551,106,"2008-07-22 00:00:00",102.2,42,119,3
552,85,"2003-01-26 00:00:00",667.95,82,25,56
553,85,"2017-01-03 00:00:00",274.56,10,128,98
554,133,"2000-02-21 00:00:00",858.11,9,15,43
555,55,"2002-12-20 00:00:00",89.67,56,38,80
556,114,"2001-11-01 00:00:00",50.25,55,180,16
557,1,"2008-08-07 00:00:00",498.39,60,180,93
558,21,"2005-07-12 00:00:00",575.86,53,124,74
559,76,"2003-10-27 00:00:00",366.81,54,0,30
560,49,"2000-11-03 00:00:00",573.65,48,23,63
561,5,"2014-10-27 00:00:00",87.51,4,111,7
562,108,"2011-04-28 00:00:00",332.59,18,51,50
563,98,"2015-05-06 00:00:00",873.64,50,42,29
564,114,"2008-05-28 00:00:00",855.39,70,164,62
565,93,"2006-03-11 00:00:00",637.5,91,54,76
566,146,"2007-12-08 00:00:00",431.67,39,79,86
567,78,"2001-01-21 00:00:00",214.25,57,48,8
568,137,"2009-11-12 00:00:00",439.34,53,124,88
569,134,"2011-08-13 00:00:00",93.13,81,162,38
570,17,"2014-09-07 00:00:00",523.23,22,38,94
571,59,"2009-07-24 00:00:00",395.17,19,117,15
572,123,"2008-07-01 00:00:00",880.55,37,184,36
573,96,"2006-02-06 00:00:00",379.95,91,89,38
574,138,"2008-12-12 00:00:00",388.42,30,73,39
575,44,"2011-11-18 00:00:00",312.01,24,96,18
576,145,"2009-07-20 00:00:00",250.63,23,168,27
577,100,"2017-09-23 00:00:00",187.46,87,87,34
578,94,"2015-04-21 00:00:00",461.32,64,37,16
579,2,"2007-07-06 00:00:00",130.14,83,116,68
580,2,"2007-03-27 00:00:00",79.7,26,183,93
581,31,"2003-11-15 00:00:00",286.26,93,152,50
582,84,"2002-02-20 00:00:00",365.1,30,9,40
583,150,"2007-12-05 00:00:00",349.29,81,9,42
584,67,"2001-04-13 00:00:00",515.8,62,122,3
585,73,"2014-09-27 00:00:00",103.44,68,36,5
586,55,"2014-02-05 00:00:00",194.32,95,36,13
587,2,"2001-03-15 00:00:00",461.3,38,7,30
588,151,"2002-08-22 00:00:00",770.91,64,133,3
589,53,"2001-05-28 00:00:00",342.43,77,112,27
590,109,"2012-06-08 00:00:00",54.84,48,14,13
591,34,"2005-06-01 00:00:00",282.85,93,157,9
592,135,"2003-10-02 00:00:00",412.37,3,28,67
593,150,"2002-10-24 00:00:00",821.29,80,156,81
594,126,"2002-05-07 00:00:00",801.29,5,80,64
595,119,"2010-04-25 00:00:00",350.24,25,123,42
596,78,"2003-08-26 00:00:00",742.5,64,59,17
597,66,"2017-03-08 00:00:00",659.26,66,74,85
598,34,"2004-11-20 00:00:00",50.12,28,185,88
599,78,"2002-01-23 00:00:00",470.03,76,1,46
600,150,"2012-04-25 00:00:00",588.16,20,134,32
601,2,"2016-01-08 00:00:00",542.44,0,50,21
602,151,"2009-11-28 00:00:00",768.45,2,63,88
603,14,"2007-02-27 00:00:00",362.79,83,156,41
604,4,"2016-03-28 00:00:00",284.96,56,4,77
605,20,"2000-02-11 00:00:00",135.2,58,127,43
606,123,"2016-01-07 00:00:00",397.01,15,90,33
607,9,"2009-11-09 00:00:00",214.78,45,118,17
608,65,"2013-11-15 00:00:00",791.04,46,83,37
609,128,"2008-01-19 00:00:00",146.38,63,179,3
610,127,"2012-06-05 00:00:00",117.61,77,62,20
611,53,"2008-02-17 00:00:00",498.17,23,22,59
612,138,"2007-05-16 00:00:00",796.39,87,94,34
613,48,"2009-08-27 00:00:00",75.04,0,96,81
614,104,"2016-07-13 00:00:00",624.14,86,136,14
615,52,"2013-01-01 00:00:00",338.82,69,46,47
616,108,"2008-11-28 00:00:00",617.91,65,93,85
617,81,"2000-09-14 00:00:00",250.23,68,3,29
618,89,"2003-07-19 00:00:00",38.5,59,3,18
619,131,"2014-12-25 00:00:00",369.2,94,34,17
620,115,"2003-08-20 00:00:00",75.97,94,2,70
621,92,"2016-11-03 00:00:00",697.52,40,85,93
622,54,"2011-01-20 00:00:00",867.58,65,44,3
623,147,"2002-03-24 00:00:00",775.67,21,178,98
624,10,"2011-09-28 00:00:00",771.44,16,173,89
625,82,"2015-12-13 00:00:00",801.31,80,16,26
626,3,"2002-04-11 00:00:00",363.04,5,94,90
627,119,"2011-07-01 00:00:00",471.58,31,24,56
628,55,"2011-10-03 00:00:00",548.05,32,51,45
629,52,"2011-05-19 00:00:00",185.13,79,51,63
630,97,"2003-06-04 00:00:00",174.8,64,97,11
631,36,"2002-07-19 00:00:00",258.89,86,131,99
632,42,"2007-08-23 00:00:00",479.29,13,84,83
633,4,"2006-12-19 00:00:00",630.69,47,107,44
634,153,"2008-03-18 00:00:00",804.57,70,148,69
635,80,"2000-07-26 00:00:00",501.24,73,68,25
636,121,"2005-08-15 00:00:00",645.82,2,71,25
637,147,"2011-02-14 00:00:00",150.88,93,39,3
638,9,"2006-04-06 00:00:00",792.85,73,102,93
639,66,"2005-10-07 00:00:00",647.46,61,43,65
640,51,"2000-08-20 00:00:00",265.1,65,127,11
641,136,"2004-09-13 00:00:00",137.16,52,80,57
642,39,"2010-06-03 00:00:00",748.9,58,94,47
643,32,"2011-10-24 00:00:00",669.99,69,78,93
644,138,"2010-06-07 00:00:00",730.08,27,99,75
645,96,"2014-06-23 00:00:00",680.15,68,50,83
646,128,"2015-06-13 00:00:00",463.06,47,166,7
647,119,"2014-03-05 00:00:00",345.48,57,42,1
648,86,"2013-12-16 00:00:00",840.05,1,68,13
649,25,"2008-06-08 00:00:00",545.83,31,18,43
650,135,"2005-04-28 00:00:00",390.56,32,94,87
651,76,"2016-06-04 00:00:00",330.5,22,175,0
652,20,"2004-11-17 00:00:00",48.06,21,31,55
653,140,"2008-09-22 00:00:00",512.81,64,62,11
654,107,"2002-09-13 00:00:00",40.63,44,63,10
655,33,"2000-09-16 00:00:00",146.21,18,67,22
656,121,"2003-11-14 00:00:00",117,57,158,52
657,54,"2008-05-04 00:00:00",29.42,88,46,10
658,133,"2016-02-20 00:00:00",815.96,89,138,82
659,9,"2016-06-15 00:00:00",526.88,26,3,3
660,106,"2003-02-18 00:00:00",109.34,41,167,60
661,90,"2001-01-26 00:00:00",189.4,54,53,95
662,141,"2007-05-01 00:00:00",724.46,56,47,3
663,126,"2006-04-18 00:00:00",733.25,42,15,48
664,56,"2002-01-16 00:00:00",364.07,69,184,12
665,62,"2002-07-05 00:00:00",213.13,50,151,91
666,12,"2016-04-16 00:00:00",283.41,38,79,0
667,112,"2001-11-22 00:00:00",898.47,8,123,64
668,150,"2013-04-01 00:00:00",578.19,38,59,96
669,38,"2013-03-18 00:00:00",704.18,23,118,13
670,117,"2015-07-26 00:00:00",108.36,46,13,43
671,112,"2001-03-19 00:00:00",240.61,61,22,2
672,78,"2011-09-15 00:00:00",296.07,50,26,44
673,14,"2007-06-19 00:00:00",638.67,43,137,24
674,47,"2006-11-14 00:00:00",403.9,12,46,92
675,4,"2010-12-16 00:00:00",467.9,81,102,30
676,84,"2014-04-06 00:00:00",193.01,75,60,1
677,105,"2004-01-23 00:00:00",770.2,92,124,57
678,132,"2009-08-04 00:00:00",21.2,78,85,44
679,21,"2015-03-18 00:00:00",261.23,34,70,62
680,34,"2009-06-17 00:00:00",114.76,1,146,17
681,4,"2017-04-20 00:00:00",805.88,8,104,48
682,22,"2001-06-09 00:00:00",568.17,51,42,76
683,47,"2011-12-15 00:00:00",653.45,0,38,39
684,114,"2007-07-14 00:00:00",395.55,40,120,81
685,148,"2017-02-13 00:00:00",275.58,9,82,10
686,38,"2011-03-13 00:00:00",100.34,21,155,81
687,151,"2017-07-02 00:00:00",650.48,41,185,85
688,113,"2004-09-05 00:00:00",300.94,36,8,84
689,116,"2003-11-11 00:00:00",267.07,91,27,5
690,90,"2016-11-26 00:00:00",688.3,2,79,38
691,23,"2002-08-18 00:00:00",424.43,28,154,20
692,131,"2010-02-27 00:00:00",878.67,33,21,85
693,4,"2017-08-27 00:00:00",863.99,11,128,60
694,25,"2003-05-06 00:00:00",527.61,70,135,13
695,54,"2000-08-13 00:00:00",223.44,60,88,85
696,113,"2010-01-16 00:00:00",765.82,95,73,60
697,19,"2015-12-10 00:00:00",520.93,94,111,89
698,2,"2017-09-06 00:00:00",798.92,69,176,36
699,2,"2010-05-13 00:00:00",232.46,67,162,77
700,109,"2000-04-25 00:00:00",732.83,74,9,50
701,41,"2012-04-22 00:00:00",434.93,28,98,54
702,1,"2004-11-08 00:00:00",761.29,68,8,32
703,134,"2002-10-20 00:00:00",295.15,64,112,40
704,84,"2008-03-14 00:00:00",173.13,71,23,53
705,12,"2017-08-11 00:00:00",291.3,23,119,32
706,38,"2004-03-21 00:00:00",740.69,71,106,49
707,72,"2002-02-20 00:00:00",361.19,14,40,90
708,41,"2005-11-18 00:00:00",499.33,75,67,38
709,147,"2012-03-20 00:00:00",330.89,27,117,31
710,129,"2013-03-16 00:00:00",363.69,53,27,28
711,101,"2013-02-19 00:00:00",871.75,51,138,68
712,60,"2015-01-16 00:00:00",273.29,70,31,45
713,150,"2008-12-15 00:00:00",624.6,84,55,42
714,66,"2009-04-05 00:00:00",659.41,55,98,16
715,117,"2002-12-02 00:00:00",399.23,82,11,78
716,87,"2005-08-28 00:00:00",398.01,28,12,89
717,133,"2010-04-23 00:00:00",675.45,55,75,94
718,65,"2009-01-09 00:00:00",439.74,0,88,44
719,44,"2017-12-04 00:00:00",411.9,45,88,6
720,89,"2016-04-04 00:00:00",291.54,20,89,3
721,9,"2010-09-26 00:00:00",884.01,46,131,47
722,105,"2008-05-27 00:00:00",33.69,39,90,4
723,134,"2004-03-11 00:00:00",715.16,90,23,1
724,83,"2006-10-27 00:00:00",341.02,74,3,92
725,132,"2013-01-03 00:00:00",9.68,3,16,99
726,28,"2007-12-03 00:00:00",205.35,79,49,60
727,148,"2012-06-10 00:00:00",311.35,65,130,45
728,102,"2011-10-27 00:00:00",843.57,95,152,54
729,133,"2017-08-22 00:00:00",788.94,71,115,88
730,113,"2005-02-17 00:00:00",567.83,71,168,90
731,149,"2003-12-22 00:00:00",197.2,15,10,87
732,74,"2005-01-14 00:00:00",449.54,48,41,47
733,47,"2004-03-07 00:00:00",491.52,64,141,49
734,29,"2017-05-03 00:00:00",3.3,13,29,71
735,74,"2002-05-18 00:00:00",643.47,58,16,74
736,78,"2011-11-07 00:00:00",830.98,4,123,62
737,122,"2008-12-06 00:00:00",716.63,45,49,93
738,145,"2009-11-28 00:00:00",7.72,46,37,64
739,58,"2016-12-22 00:00:00",899.26,82,150,98
740,143,"2006-02-06 00:00:00",712.27,62,141,36
741,9,"2005-05-19 00:00:00",175.65,24,154,71
742,70,"2011-07-04 00:00:00",282.58,9,162,27
743,70,"2009-01-05 00:00:00",745.18,0,96,59
744,125,"2003-07-27 00:00:00",49.94,51,144,46
745,34,"2013-11-14 00:00:00",658.94,23,128,2
746,28,"2013-12-20 00:00:00",128.98,81,38,49
747,25,"2009-11-03 00:00:00",142.62,94,1,46
748,133,"2014-02-11 00:00:00",544.82,21,93,89
749,33,"2012-12-09 00:00:00",512.91,62,137,57
750,69,"2011-11-15 00:00:00",230.19,49,42,80
751,96,"2003-01-01 00:00:00",316.83,18,102,2
752,71,"2004-11-19 00:00:00",15.21,46,36,82
753,54,"2006-11-10 00:00:00",473.6,68,41,75
754,56,"2000-03-21 00:00:00",224.37,42,131,58
755,128,"2014-10-09 00:00:00",163.31,72,47,11
756,20,"2001-08-03 00:00:00",896.56,41,178,69
757,36,"2004-10-07 00:00:00",257.5,16,73,23
758,43,"2008-01-05 00:00:00",527.42,87,78,41
759,101,"2017-06-03 00:00:00",15.01,76,158,57
760,139,"2000-12-26 00:00:00",696.29,41,136,91
761,28,"2012-01-17 00:00:00",827.34,65,10,10
762,130,"2011-02-20 00:00:00",198.05,50,106,38
763,110,"2006-08-22 00:00:00",111.52,1,17,12
764,137,"2017-08-19 00:00:00",549.86,93,139,31
765,125,"2016-09-16 00:00:00",103.04,23,73,62
766,119,"2008-02-15 00:00:00",404.11,47,109,8
767,73,"2014-03-28 00:00:00",806.28,0,102,17
768,122,"2011-09-13 00:00:00",750.56,43,172,2
769,98,"2006-04-05 00:00:00",782.95,33,85,74
770,83,"2010-01-12 00:00:00",78.36,70,140,58
771,112,"2005-05-22 00:00:00",358.51,80,85,64
772,95,"2014-11-05 00:00:00",91.22,74,110,53
773,129,"2000-02-05 00:00:00",564.18,4,125,75
774,55,"2008-10-18 00:00:00",351.61,14,41,93
775,83,"2001-01-17 00:00:00",537.51,62,147,92
776,84,"2011-12-09 00:00:00",405.93,44,176,12
777,79,"2016-07-05 00:00:00",236.36,4,170,76
778,101,"2001-01-22 00:00:00",614.35,5,8,57
779,32,"2008-11-28 00:00:00",109.46,25,166,65
780,29,"2001-08-15 00:00:00",685.34,55,37,6
781,151,"2008-05-09 00:00:00",57.05,18,58,37
782,71,"2013-08-15 00:00:00",482.77,12,122,44
783,106,"2011-11-01 00:00:00",146.48,77,122,89
784,115,"2008-05-16 00:00:00",13.06,21,38,76
785,104,"2004-04-04 00:00:00",32.14,82,174,67
786,103,"2016-09-10 00:00:00",701.14,79,60,0
787,113,"2008-08-21 00:00:00",435.11,27,22,71
788,149,"2012-01-08 00:00:00",559.62,1,73,44
789,93,"2014-06-22 00:00:00",27.95,8,28,88
790,87,"2006-11-06 00:00:00",534.69,2,48,34
791,46,"2002-11-15 00:00:00",645.99,17,156,24
792,133,"2017-07-01 00:00:00",838.02,34,105,42
793,40,"2008-03-15 00:00:00",340.91,31,64,69
794,46,"2014-02-23 00:00:00",810.48,7,51,83
795,128,"2011-04-10 00:00:00",230.44,11,68,24
796,84,"2006-06-01 00:00:00",393.76,85,63,22
797,130,"2010-06-15 00:00:00",268.91,85,48,50
798,39,"2009-10-15 00:00:00",452.08,13,56,4
799,141,"2000-03-24 00:00:00",133.65,5,83,37
800,147,"2004-02-08 00:00:00",384.16,34,136,49
801,138,"2015-02-16 00:00:00",708.07,71,172,33
802,37,"2008-12-11 00:00:00",120.39,82,106,50
803,14,"2009-07-28 00:00:00",311.92,91,77,82
804,95,"2010-08-20 00:00:00",254.52,49,9,35
805,128,"2016-03-06 00:00:00",224.95,52,128,71
806,139,"2017-06-17 00:00:00",601.77,72,119,79
807,113,"2012-09-22 00:00:00",722.76,32,36,39
808,52,"2002-06-28 00:00:00",700.29,21,87,26
809,64,"2003-12-15 00:00:00",534.1,48,83,68
810,152,"2002-12-05 00:00:00",149.96,54,45,29
811,7,"2000-10-13 00:00:00",364.79,87,112,61
812,64,"2001-04-08 00:00:00",781.54,38,185,56
813,85,"2013-05-05 00:00:00",213.23,72,143,86
814,87,"2017-02-11 00:00:00",561.59,21,98,80
815,9,"2002-12-08 00:00:00",538.13,82,17,47
816,16,"2000-08-11 00:00:00",253.8,13,92,94
817,85,"2003-09-01 00:00:00",94.39,12,94,97
818,73,"2001-11-19 00:00:00",787.13,91,4,92
819,142,"2003-05-02 00:00:00",775.96,68,20,8
820,116,"2005-07-04 00:00:00",453.3,56,10,77
821,33,"2013-07-18 00:00:00",859.25,94,95,19
822,80,"2014-01-09 00:00:00",337.97,85,4,57
823,62,"2001-04-06 00:00:00",236.97,69,182,95
824,102,"2004-12-19 00:00:00",411.08,45,127,56
825,121,"2005-05-21 00:00:00",269.21,22,151,11
826,33,"2002-10-14 00:00:00",58.56,44,171,14
827,47,"2010-05-09 00:00:00",710.04,66,130,85
828,82,"2015-11-24 00:00:00",674.89,59,60,36
829,107,"2014-02-15 00:00:00",299.83,15,37,68
830,93,"2011-09-18 00:00:00",864.38,10,55,70
831,33,"2014-09-15 00:00:00",518.8,30,166,1
832,103,"2008-05-23 00:00:00",527.76,44,79,24
833,16,"2010-04-03 00:00:00",776.8,50,105,44
834,3,"2009-08-09 00:00:00",221.3,23,99,42
835,22,"2012-03-25 00:00:00",332.87,41,186,27
836,106,"2017-10-24 00:00:00",605.66,87,120,12
837,79,"2014-05-27 00:00:00",829.27,29,137,74
838,144,"2009-10-26 00:00:00",355.63,92,30,68
839,14,"2005-07-25 00:00:00",468.67,58,173,32
840,122,"2005-10-16 00:00:00",221.82,19,61,80
841,84,"2006-02-27 00:00:00",632.89,47,92,6
842,40,"2017-09-26 00:00:00",627.25,8,75,5
843,41,"2017-09-10 00:00:00",548.9,76,137,93
844,10,"2015-07-02 00:00:00",561.2,37,124,99
845,98,"2001-04-19 00:00:00",584.94,82,145,7
846,23,"2007-05-27 00:00:00",424.22,16,11,69
847,7,"2003-11-15 00:00:00",737.09,51,13,75
848,137,"2010-11-11 00:00:00",794.28,58,43,47
849,34,"2015-06-11 00:00:00",421.73,38,32,63
850,8,"2008-06-23 00:00:00",782.75,81,145,8
851,99,"2013-04-14 00:00:00",437.47,26,117,54
852,115,"2003-08-04 00:00:00",445.29,16,31,56
853,12,"2014-04-25 00:00:00",647.75,70,60,87
854,44,"2007-10-01 00:00:00",31.67,50,126,17
855,8,"2017-06-18 00:00:00",810.99,27,3,6
856,99,"2015-03-13 00:00:00",805.1,46,35,56
857,55,"2017-02-17 00:00:00",567.73,57,77,69
858,109,"2000-05-02 00:00:00",8.2,5,17,72
859,51,"2005-04-14 00:00:00",205.94,26,1,68
860,149,"2009-12-02 00:00:00",187.94,85,19,33
861,119,"2014-10-05 00:00:00",367.04,56,161,37
862,126,"2008-05-20 00:00:00",69.52,44,32,10
863,106,"2008-11-12 00:00:00",793.29,94,104,58
864,83,"2017-05-23 00:00:00",223.06,78,15,67
865,143,"2000-04-14 00:00:00",747.36,55,86,76
866,64,"2003-06-02 00:00:00",691.4,88,125,40
867,103,"2008-02-11 00:00:00",790.01,44,140,95
868,79,"2001-03-04 00:00:00",394.55,34,1,82
869,18,"2000-05-14 00:00:00",523.04,17,98,32
870,143,"2010-01-16 00:00:00",349.38,76,133,13
871,42,"2014-04-18 00:00:00",805.37,1,149,50
872,81,"2013-10-24 00:00:00",85.74,41,35,7
873,1,"2008-03-28 00:00:00",195.31,52,4,81
874,72,"2015-03-09 00:00:00",26.18,0,178,16
875,19,"2014-03-22 00:00:00",813.04,76,135,85
876,80,"2008-09-12 00:00:00",142.69,26,12,87
877,40,"2008-01-11 00:00:00",744.47,38,83,24
878,3,"2017-01-07 00:00:00",21.56,2,46,70
879,85,"2008-07-10 00:00:00",487.48,39,29,65
880,119,"2009-08-15 00:00:00",615.54,1,55,57
881,139,"2015-04-07 00:00:00",449.29,19,53,63
882,106,"2006-04-16 00:00:00",219.18,22,91,77
883,116,"2014-04-22 00:00:00",258.53,48,141,37
884,10,"2001-10-14 00:00:00",211.42,78,33,81
885,48,"2011-02-15 00:00:00",892.67,52,66,92
886,13,"2004-03-08 00:00:00",471.5,94,166,99
887,86,"2007-12-05 00:00:00",234.07,72,184,5
888,110,"2010-02-20 00:00:00",729.3,10,100,87
889,131,"2002-10-09 00:00:00",209.49,94,63,8
890,16,"2012-02-14 00:00:00",296.79,85,33,94
891,16,"2007-04-08 00:00:00",495.83,7,0,10
892,34,"2002-01-14 00:00:00",861.55,37,120,13
893,120,"2012-04-13 00:00:00",775.48,36,10,88
894,7,"2009-09-03 00:00:00",818.52,86,92,0
895,76,"2015-04-08 00:00:00",733.57,57,52,39
896,47,"2014-01-27 00:00:00",712.69,43,178,45
897,139,"2005-03-18 00:00:00",108.48,9,156,82
898,40,"2000-08-19 00:00:00",610.94,90,98,65
899,102,"2010-04-27 00:00:00",722.37,25,143,55
900,54,"2017-06-07 00:00:00",540.07,21,157,7
901,16,"2003-08-10 00:00:00",309.86,6,138,18
902,15,"2015-09-06 00:00:00",754.39,61,111,88
903,54,"2010-11-20 00:00:00",285.61,9,101,14
904,26,"2017-07-19 00:00:00",766.03,59,28,75
905,108,"2001-05-27 00:00:00",236.25,84,137,91
906,47,"2012-05-09 00:00:00",190.49,66,165,71
907,132,"2014-06-02 00:00:00",69.73,75,19,17
908,84,"2000-04-17 00:00:00",176.76,71,43,24
909,103,"2016-08-04 00:00:00",318.29,23,145,82
910,135,"2014-05-17 00:00:00",18.26,45,129,59
911,26,"2005-05-06 00:00:00",510.72,95,74,43
912,111,"2012-05-24 00:00:00",705.78,4,154,60
913,142,"2000-09-14 00:00:00",709.02,40,133,98
914,113,"2016-11-16 00:00:00",869.98,78,115,31
915,5,"2005-05-28 00:00:00",175.58,26,28,14
916,148,"2010-11-12 00:00:00",103.33,86,108,28
917,123,"2005-11-12 00:00:00",338.67,93,61,95
918,72,"2015-11-05 00:00:00",272.44,30,41,21
919,56,"2012-08-07 00:00:00",858.23,63,87,19
920,32,"2016-11-09 00:00:00",863.63,4,34,88
921,89,"2017-06-23 00:00:00",893.37,22,172,46
922,145,"2007-12-06 00:00:00",243.19,33,32,55
923,51,"2001-12-10 00:00:00",787.98,28,158,86
924,28,"2009-04-11 00:00:00",323.84,16,178,61
925,17,"2007-12-10 00:00:00",539.77,39,102,37
926,121,"2009-12-20 00:00:00",899.96,11,88,97
927,118,"2008-02-05 00:00:00",567.33,36,43,70
928,102,"2007-09-16 00:00:00",182.72,7,47,67
929,92,"2007-03-05 00:00:00",620.01,93,10,68
930,75,"2007-09-13 00:00:00",255.52,64,170,45
931,135,"2010-06-09 00:00:00",542.63,36,134,5
932,11,"2013-12-04 00:00:00",236.43,19,167,1
933,20,"2010-08-17 00:00:00",4.39,79,34,47
934,4,"2003-12-18 00:00:00",697.95,52,94,87
935,100,"2007-07-04 00:00:00",127.17,69,80,47
936,68,"2000-02-24 00:00:00",312.01,77,136,79
937,149,"2008-04-01 00:00:00",726.46,3,12,38
938,132,"2013-12-16 00:00:00",628.49,81,173,58
939,47,"2007-09-18 00:00:00",297.97,29,77,22
940,114,"2011-08-22 00:00:00",306.68,48,62,91
941,56,"2001-09-09 00:00:00",367.23,89,163,36
942,97,"2002-09-22 00:00:00",485.37,22,9,44
943,23,"2003-11-19 00:00:00",33.94,17,71,47
944,33,"2000-05-03 00:00:00",545.97,74,138,53
945,135,"2003-07-14 00:00:00",576.99,56,139,84
946,113,"2012-05-12 00:00:00",174.84,60,81,66
947,133,"2014-02-14 00:00:00",263.47,43,109,79
948,4,"2003-02-14 00:00:00",288.89,76,135,18
949,32,"2016-09-12 00:00:00",26.95,51,126,68
950,89,"2007-10-19 00:00:00",63.29,52,177,17
951,98,"2003-12-14 00:00:00",615.77,84,8,25
952,96,"2011-11-01 00:00:00",113,32,49,20
953,31,"2015-11-21 00:00:00",880.98,24,181,52
954,81,"2011-09-28 00:00:00",110.94,12,158,46
955,130,"2013-06-03 00:00:00",225.66,47,137,12
956,23,"2011-10-26 00:00:00",679.03,89,87,91
957,61,"2005-12-09 00:00:00",52.68,53,187,97
958,102,"2010-03-06 00:00:00",326.48,17,122,72
959,49,"2006-05-21 00:00:00",226.49,18,187,96
960,82,"2014-01-19 00:00:00",59.56,70,147,36
961,131,"2012-01-26 00:00:00",829.83,71,101,43
962,138,"2014-02-22 00:00:00",65.12,79,154,19
963,64,"2008-06-19 00:00:00",898.21,65,19,27
964,20,"2010-10-13 00:00:00",7.83,1,117,27
965,129,"2009-03-17 00:00:00",673.53,32,0,64
966,17,"2002-02-19 00:00:00",700.85,83,153,65
967,4,"2016-07-27 00:00:00",778.01,73,107,2
968,134,"2003-03-07 00:00:00",750,36,164,84
969,148,"2007-10-17 00:00:00",557,20,40,76
970,38,"2015-12-05 00:00:00",230.68,81,78,53
971,62,"2013-06-05 00:00:00",558.25,85,21,2
972,34,"2009-08-07 00:00:00",852.41,91,177,70
973,151,"2006-04-19 00:00:00",498.28,65,65,59
974,0,"2017-03-09 00:00:00",171.51,33,95,94
975,104,"2001-11-18 00:00:00",141.16,81,1,17
976,121,"2006-09-19 00:00:00",882.26,52,106,55
977,92,"2000-07-12 00:00:00",333.92,88,8,21
978,152,"2007-03-16 00:00:00",139.97,5,60,85
979,100,"2012-01-09 00:00:00",421.3,89,46,86
980,56,"2013-08-17 00:00:00",54.07,83,124,49
981,83,"2017-11-22 00:00:00",119.05,12,123,26
982,41,"2008-11-01 00:00:00",419.71,38,11,35
983,6,"2015-09-08 00:00:00",151.78,60,137,86
984,115,"2017-03-12 00:00:00",526.27,2,142,31
985,71,"2004-05-10 00:00:00",408.25,54,182,5
986,34,"2014-11-02 00:00:00",282.62,91,154,58
987,147,"2005-04-18 00:00:00",231.69,19,143,48
988,132,"2002-04-19 00:00:00",613.67,70,121,68
989,83,"2016-08-15 00:00:00",746.7,34,91,35
990,42,"2011-05-02 00:00:00",113.41,75,24,73
991,62,"2017-07-20 00:00:00",55.9,88,115,16
992,148,"2005-04-17 00:00:00",360.28,45,172,24
993,30,"2005-10-18 00:00:00",662.08,58,165,43
994,6,"2012-11-26 00:00:00",728.07,74,185,0
995,145,"2000-12-22 00:00:00",741.04,4,40,35
996,31,"2000-04-17 00:00:00",742.61,3,61,44
997,8,"2015-09-18 00:00:00",756.5,13,29,88
998,102,"2016-07-19 00:00:00",377.97,0,108,83
999,2,"2001-03-12 00:00:00",875.97,9,113,71
1000,120,"2011-09-10 00:00:00",625.63,35,7,37
